{"cameraMode":{"drawMode":0,"name":"Shaded","section":"Shading Mode"},"sceneLighting":true,"audioPlay":false,"sceneViewState":{"showFog":true,"showMaterialUpdate":false,"showSkybox":true,"showFlares":true,"showImageEffects":true,"showParticleSystems":true},"in2DMode":false,"pivot":{"x":-4.78720235824585,"y":-4.712538719177246,"z":18.215553283691408},"rotation":{"x":-0.25658881664276125,"y":0.10271044075489044,"z":-0.02743374928832054,"w":-0.9606740474700928},"size":7.620376110076904,"orthographic":false}