{"cameraMode":{"drawMode":0,"name":"Shaded","section":"Shading Mode"},"sceneLighting":true,"audioPlay":false,"sceneViewState":{"showFog":true,"showMaterialUpdate":false,"showSkybox":false,"showFlares":true,"showImageEffects":true,"showParticleSystems":true},"in2DMode":false,"pivot":{"x":-3.650566577911377,"y":3.174145221710205,"z":2.442084789276123},"rotation":{"x":-0.010667803697288037,"y":0.7171253561973572,"z":-0.010980555787682534,"w":-0.6967862248420715},"size":8.183939933776856,"orthographic":false}